systematic	common	uniprot	seq_len
	ADGRV1	Q8WXG9	6306
	RYR1	P21817	5038
	RYR2	Q92736	4967
	RYR3	Q15413	4870
	CELSR3	Q9NYQ7	3312
	ADGRG4	Q8IZF6	3080
	CELSR1	Q9NYQ6	3014
	CELSR2	Q9HCU4	2923
	PKD1L1	Q8TDX9	2849
	ITPR1	Q14643	2758
	PIEZO2	Q9H5I5	2752
	ITPR2	Q14571	2701
	ITPR3	Q14573	2671
	PIEZO1	Q92508	2521
	CACNA1A	O00555	2506
	PKD1L2	Q7Z442	2459
	CACNA1G	O43497	2377
	GPR179	Q6PRD1	2367
	CACNA1H	O95180	2353
	CACNA1B	Q00975	2339
	CACNA1E	Q15878	2313
	CACNA1I	Q9P0X4	2223
	CACNA1C	Q13936	2221
	CACNA1D	Q01668	2161
	TRPM6	Q9BX84	2022
	SCN5A	Q14524	2016
	SCN1A	P35498	2009
	SCN2A	Q99250	2005
	SCN3A	Q9NY46	2000
	SCN9A	Q15858	1988
	SCN8A	Q9UQD0	1980
	CACNA1F	O60840	1977
	SCN10A	Q9Y5Y9	1956
	CACNA1S	Q13698	1873
	TRPM7	Q96QT4	1865
	SCN4A	P35499	1836
	SCN11A	Q9UI33	1791
	NALCN	Q8IZF0	1738
	PKD1L3	Q7Z443	1732
	TRPM3	Q9HCF6	1732
	TRPM1	Q7Z4N2	1603
	ADGRB2	O60241	1585
	ADGRB1	O14514	1584
	ADGRB3	O60242	1522
	TRPM2	O94759	1503
	GRIN2B	Q13224	1484
	CFTR	P13569	1480
	ADGRL1	O94910	1474
	GRIN2A	Q12879	1464
	ADGRL2	O95490	1459
	ADGRL3	Q9HAR2	1447
	ADGRF5	Q8IZF2	1346
	ADGRA2	Q96PE1	1338
	GRIN2D	O15399	1336
	ADGRA3	Q8IWK6	1321
	CNGB1	Q14028	1251
	KCNMA1	Q12791	1236
	GRIN2C	Q14957	1233
	KCNT1	Q5JUK3	1230
	ADGRG6	Q86SQ4	1221
	GPR158	Q5T848	1215
	TRPM4	Q8TD43	1214
	GRM5	P41594	1212
	HCN4	Q9Y3Q4	1203
	KCNH7	Q9NS40	1196
	GRM1	Q13255	1194
	TRPM5	Q9NZQ8	1165
	KCNH2	Q12809	1159
	CACNA2D2	Q9NY47	1150
	KCNU1	A8MYU2	1149
	CACNA2D4	Q7Z3S7	1137
	KCNT2	Q6UVM3	1135
	TRPA1	O75762	1119
	GRIN3A	Q8TCU5	1115
	KCNH8	Q96L42	1107
	TRPM8	Q7Z2W7	1104
	CACNA2D1	P54289	1103
	CACNA2D3	Q8IZS8	1091
	KCNH3	Q9ULD8	1083
	ADGRF3	Q8IZF5	1079
	CASR	P41180	1078
	GRIN3B	O60391	1043
	ADGRG2	Q8IZP9	1017
	KCNH4	Q9UQ05	1017
	GRID1	Q9ULK0	1009
	GRID2	O43424	1007
	ANO2	Q9NQ90	998
	KCNH1	O95259	989
	CLCN1	P35523	988
	KCNH5	Q8NCM2	988
	ANO1	Q5XXA6	986
	GRIK5	Q16478	980
	TRPC4	Q9UBN4	977
	TRPC5	Q9UL62	973
	PKD2	Q13563	968
	LGR6	Q9HBX8	967
	ADGRD2	Q7Z7M1	963
	GABBR1	Q9UBS5	961
	KCNH6	Q9H252	958
	GRIK4	Q16099	956
	LGR4	Q9BXB1	951
	GABBR2	O75899	941
	GRIN1	Q05586	938
	KCNQ5	Q9NR82	932
	TRPC6	Q9Y210	931
	GPRC6A	Q5T6X5	926
	TRPC3	Q13507	921
	GRIK3	Q13003	919
	GRIK1	P39086	918
	GRM7	Q14831	915
	GRM4	Q14833	912
	KCNB2	Q92953	911
	ADGRF1	Q5T601	910
	ANO6	Q4KMQ2	910
	GRM8	O00222	908
	GRIK2	Q13002	908
	LGR5	O75473	907
	GRIA1	P42261	906
	TMC2	Q8TDI7	906
	GRIA4	P48058	902
	CLCN2	P51788	898
	GRIA3	P42263	894
	HCN1	O60741	890
	HCN2	Q9UL51	889
	ADGRE1	Q14246	886
	GRIA2	P42262	883
	GRM3	Q14832	879
	GRM6	O15303	877
	ADGRD1	Q6QNK2	874
	GRM2	Q14416	872
	KCNQ3	O43525	872
	KCNQ2	O43526	872
	TRPV4	Q9HBA0	871
	TRPC7	Q9HCX4	862
	KCNB1	Q14721	858
	LRRC8D	Q7L1W4	858
	TAS1R3	Q7RTX0	852
	TAS1R1	Q7RTX1	841
	TAS1R2	Q8TE23	839
	TRPV1	Q8NER1	839
	ADGRE5	P48960	835
	TMEM63B	Q5T3F8	832
	ADGRE2	Q9UHX3	823
	TPCN1	Q9ULQ1	816
	GPR156	Q8NFN8	814
	LRRC8A	Q8IWT6	810
	CNGB3	Q9NQW8	809
	TMEM63A	O94886	807
	TMEM63C	Q9P1W3	806
	PKD2L1	Q9P0L9	805
	LRRC8B	Q6P9F7	803
	LRRC8C	Q8TDW0	803
	SCNN1D	P51172	802
	ADGRG7	Q96K78	797
	LRRC8E	Q6NSJ5	796
	TRPC1	P48995	793
	TRPV3	Q8NET8	790
	SMO	Q99835	787
	CATSPER1	Q8NEC5	780
	HCN3	Q9P1Z3	774
	NOX5	Q96PH1	765
	TRPV6	Q9H1D0	765
	TSHR	P16473	764
	TRPV2	Q9Y5S1	764
	TMC1	Q8TDI8	760
	SLC26A6	Q9BXS9	759
	RXFP1	Q9HBX9	757
	KCNC3	Q14003	757
	RXFP2	Q8WXD0	754
	TPCN2	Q8NHX9	752
	GPR149	Q86SP6	731
	KCNN3	Q9UGI6	731
	TRPV5	Q9NQA5	729
	TMC4	Q7Z404	712
	ADGRF2P	Q8IZF7	708
	FZD6	O60353	706
	CLIC6	Q96NY7	704
	SLC26A1	Q9H2B4	701
	LHCGR	P22888	699
	FSHR	P23945	695
	ADGRF4	Q8IZF3	695
	KCNQ4	P56696	695
	FZD8	Q9H461	694
	CNGA3	Q16281	694
	ADGRG1	Q9Y653	693
	ADGRL4	Q9HBW9	690
	CLCNKA	P51800	687
	CLCNKB	P51801	687
	CNGA1	P29973	686
	PANX2	Q96RD6	677
	KCNQ1	P51787	676
	SCNN1A	P37088	669
	BEST3	Q8N1M1	668
	FZD3	Q9NPG1	666
	CNGA2	Q16280	664
	CACNB2	Q08289	660
	KCND3	Q9UK17	655
	KCNA4	P22459	653
	ADGRE3	Q9BY15	652
	SCNN1G	P51170	649
	FZD1	Q9UP38	647
	KCND1	Q9NSA2	647
	SCNN1B	P51168	640
	KCNC2	Q96PR1	638
	KCNC4	Q03721	635
	GABRQ	Q9UN88	632
	KCND2	Q9NZV8	630
	CHRNA4	P43681	627
	PKD2L2	Q9NZM6	624
	GPR50	Q13585	617
	GPR37	O15354	613
	KCNA5	P22460	613
	OTOP1	Q7RTM1	612
	GPR153	Q6NV75	609
	CACNB1	Q02641	598
	OTOP3	Q7RTS5	596
	P2RX7	Q99572	595
	PTH1R	Q03431	593
	FZD9	O00144	591
	CHRM3	P20309	590
	SLC17A8	Q8NDX2	589
	GPR162	Q16538	588
	FZD5	Q13467	585
	BEST1	O76090	585
	SLC17A6	Q9P2U8	582
	FZD10	Q9ULW2	581
	MCOLN1	Q9GZU1	580
	KCNN2	Q9H2S1	579
	KCNA3	P22001	575
	CNGA4	Q8IV77	575
	FZD7	O75084	574
	ADRA1D	P25100	572
	CYBB	P04839	570
	MCOLN2	Q8IZK6	566
	FZD2	Q14332	565
	OTOP2	Q7RTS6	562
	ADGRA1	Q86SQ6	560
	SLC17A7	Q9P2U7	560
	TMEM87A	Q8NBN3	555
	GABRA4	P48169	554
	GLP2R	O95838	553
	MCOLN3	Q8TDD5	553
	CLCC1	Q96S66	551
	PTH2R	P49190	550
	ADGRG3	Q86Y34	549
	KCNV2	Q8TDN2	545
	KCNN1	Q92952	543
	GPR75	O95800	540
	ASIC4	Q96FT7	539
	KCNK10	P57789	538
	FZD4	Q9ULV1	537
	TTYH2	Q9BSA4	534
	CHRM5	P08912	532
	ASIC3	Q9UHC3	531
	CATSPER2	Q96P56	530
	GPR161	Q8N6U8	529
	KCNA6	P17658	529
	CHRNA2	Q15822	529
	ADGRG5	Q8IZF4	528
	ASIC1	P78348	528
	KCNS1	Q96KK3	526
	TTYH3	Q9C0H2	523
	NPFFR2	Q9Y5X5	522
	ADRA1B	P35368	520
	CACNB4	O00305	520
	KCNG4	Q8TDN1	519
	MFSD8	Q8NHS3	518
	CHRNG	P07510	517
	CHRND	Q07001	517
	GPR176	Q14439	515
	KCNG1	Q9UIX4	513
	GABRB2	P47870	512
	ASIC2	Q16515	512
	KCNC1	P48547	511
	KCNA10	Q16322	511
	BEST2	Q8NFU1	509
	GPR101	Q96P66	508
	GABRE	P78334	506
	CHRNA3	P32297	505
	ASIC5	Q9NY37	505
	TMEM175	Q9BSA9	504
	CHRNB2	P17787	502
	CHRNA7	P36544	502
	CHRNB1	P11230	501
	KCNJ3	P48549	501
	KCNV1	Q6PIU1	500
	KCNK5	O95279	499
	KCNA2	P16389	499
	CHRNB4	P30926	498
	GLRB	P48167	497
	KCNA1	Q09470	495
	GPR135	Q8IZ08	494
	CHRNA6	Q15825	494
	KCNF1	Q9H3M0	494
	CHRNE	Q04844	493
	GABRA3	P34903	492
	KCNS3	Q9BQ31	491
	PTGER4	P35408	488
	HRH1	P35367	487
	CACNB3	P54284	484
	C3AR1	Q16581	482
	GPR37L1	O60883	481
	HTR2B	P41595	481
	CHRM4	P08173	479
	HTR7	P34969	479
	GABRR1	P24046	479
	CHRNA9	Q9UGM1	479
	OPN4	Q9UHM6	478
	HTR3A	P46098	478
	ADRB1	P08588	477
	DRD5	P21918	477
	GCGR	P47871	477
	KCNS2	Q9ULS6	477
	GABRG2	P18507	475
	CALCR	P30988	474
	GABRB1	P18505	474
	GABRB3	P28472	473
	BEST4	Q8NFU0	473
	CNR1	P21554	472
	CATSPER4	Q7RTX7	472
	HTR2A	P28223	471
	P2RX2	Q9UBL9	471
	GPR152	Q8TDT2	470
	RXFP3	Q9NSD7	469
	ADCYAP1R1	P41586	468
	CHRNA5	P30532	468
	GABRR3	A8MPY1	467
	GABRG3	Q99928	467
	CHRM2	P08172	466
	ADRA1A	P35348	466
	GIPR	P48546	466
	KCNG2	Q9UJ96	466
	ADRA2A	P08913	465
	TACR3	P29371	465
	GABRR2	P28476	465
	GABRG1	Q8N1C3	465
	GLRA3	O75311	464
	GLP1R	P43220	463
	ADRA2C	P18825	462
	GPR142	Q7Z601	462
	GABRA5	P31644	462
	CALCRL	Q16602	461
	CHRM1	P11229	460
	HTR2C	P28335	458
	CHRNB3	Q05901	458
	VIPR1	P32241	457
	ADGRE4P	Q86SQ3	457
	CHRNA1	P02708	457
	GLRA1	P23415	457
	HTR3E	A5X5Y0	456
	GABRA1	P14867	456
	KCNA7	Q96RP8	456
	GPHRA	B7ZAQ6	455
	GPHRB	P0CG08	455
	HTR3D	Q70Z44	454
	GPR39	O43194	453
	GABRA6	Q16445	453
	GABRD	O14764	452
	GLRA2	P23416	452
	GPR61	Q9BZJ8	451
	GABRA2	P47869	451
	ADRA2B	P18089	450
	CHRNA10	Q9GZZ6	450
	TTYH1	Q9H313	450
	CCKBR	P32239	447
	HTR3C	Q8WXA8	447
	DRD1	P21728	446
	NPY5R	Q15761	445
	HRH3	Q9Y5N1	445
	KCNJ4	P48050	445
	HCRTR2	O43614	444
	P2RX5	Q93086	444
	DRD2	P14416	443
	EDNRB	P24530	442
	GPRC5C	Q9NQ84	441
	P2RX6	O15547	441
	HTR3B	O95264	441
	SCTR	P47872	440
	HTR6	P50406	440
	GABRP	O00591	440
	VIPR2	P41587	438
	KCNG3	Q8TAE7	436
	KCNJ14	Q9UNX9	436
	GPR150	Q8NGU9	434
	GPR22	Q99680	433
	KCNJ18	B7U540	433
	KCNJ12	Q14500	433
	QRFPR	Q96P65	431
	NPFFR1	Q9GZQ6	430
	KCNK12	Q9HB15	430
	CCKAR	P32238	428
	EDNRA	P25101	427
	KCNN4	O15554	427
	KCNJ2	P63252	427
	NMUR1	Q9HB89	426
	KCNK2	O95069	426
	PANX1	Q96RD7	426
	HCRTR1	O43613	425
	F2R	P25116	425
	CACNG8	Q8WXS5	425
	AVPR1B	P47901	424
	KCNJ8	Q15842	424
	GHRHR	Q02643	423
	GPR83	Q9NYM4	423
	KCNJ6	P48051	423
	HTR1A	P08908	422
	DRD4	P21917	419
	GPR151	Q8TDV0	419
	GPR63	Q9BZJ6	419
	KCNJ5	P48544	419
	NTSR1	P30989	418
	SSTR3	P32745	418
	AVPR1A	P37288	418
	KCNJ16	Q9NPI9	418
	CRHR1	P34998	415
	NMUR2	Q9GZQ4	415
	GPR19	Q15760	415
	ADRB2	P07550	413
	MLNR	O43193	412
	ADORA2A	P29274	412
	ZACN	Q401N2	412
	CRHR2	Q13324	411
	CCDC51	Q96ER9	411
	NTSR2	O95665	410
	CLIC5	Q9NZA1	410
	ADRB3	P13945	408
	KCNK13	Q9HB14	408
	TACR1	P25103	407
	GPR143	P51810	404
	KCNAB3	O43448	404
	GPRC5B	Q9NZH0	403
	PTGER1	P34995	402
	OPN3	Q9H1Y3	402
	OPRM1	P35372	400
	DRD3	P35462	400
	BRS3	P32247	399
	P2RX1	P51575	399
	TACR2	P21452	398
	TRHR	P34981	398
	KISS1R	Q969F8	398
	S1PR5	Q9H228	398
	CATSPER3	Q86XQ3	398
	F2RL1	P55085	397
	P2RX3	P56373	397
	GPR84	Q9NQS5	396
	PTGDR2	Q9Y5Y4	395
	VN1R2	Q8NFZ6	395
	KCNK3	O14649	394
	PROKR1	Q8TCW9	393
	KCNJ9	Q92806	393
	KCNK4	Q9NYG8	393
	PANX3	Q96QZ0	392
	BDKRB2	P30411	391
	SSTR1	P30872	391
	KCNJ1	P48048	391
	HTR1B	P28222	390
	NMBR	P28336	390
	PTGER3	P43115	390
	HRH4	Q9H3N8	390
	KCNJ11	Q14654	390
	OXTR	P30559	389
	UTS2R	Q9UKP6	389
	SSTR4	P31391	388
	HTR4	Q13639	388
	P2RX4	Q99571	388
	GALR2	O43603	387
	HCAR3	P49019	387
	PTGIR	P43119	386
	F2RL3	Q96RI0	385
	ACKR2	O00590	384
	S1PR4	O95977	384
	NPY1R	P25929	384
	GRPR	P30550	384
	PROKR2	Q8NFJ6	384
	OXER1	Q8TDS5	384
	GPR88	Q9GZN0	384
	KCNK18	Q7Z418	384
	S1PR1	P21453	382
	NPY2R	P49146	381
	GPR34	Q9UPC5	381
	APLNR	P35414	380
	OPRK1	P41145	380
	GPR132	Q9UNW8	380
	KCNJ10	P78508	379
	STING1	Q86WV6	379
	CCR7	P32248	378
	S1PR3	Q99500	378
	MAS1L	P35410	378
	HTR1D	P28221	377
	P2RY2	P41231	377
	NPY4R	P50391	375
	GPER1	Q99527	375
	NPY4R2	P0DQD5	375
	GPR27	Q9NS67	375
	KCNJ15	Q99712	375
	F2RL2	O00254	374
	CCR2	P41597	374
	CCR6	P51684	374
	P2RY11	Q96G91	374
	RXFP4	Q8TDU9	374
	KCNK9	Q9NPC2	374
	P2RY1	P47900	373
	CMKLR1	Q99788	373
	GPR173	Q9NS66	373
	CXCR5	P32302	372
	OPRD1	P41143	372
	LPAR5	Q9H1C0	372
	AVPR2	P30518	371
	NPSR1	Q6W5P4	371
	OPRL1	P41146	370
	PRLHR	P49683	370
	LPAR4	Q99677	370
	GPR85	P60893	370
	SSTR2	P30874	369
	CCR9	P51686	369
	OR2T1	O43869	369
	GALR3	O60755	368
	CXCR3	P49682	368
	GPR62	Q9BZJ7	368
	GPR17	Q13304	367
	HTR1F	P30939	366
	GHSR	Q92847	366
	HTR1E	P28566	365
	P2RY4	P51582	365
	GPR68	Q15743	365
	OPN1LW	P04000	364
	OPN1MW	P04001	364
	SSTR5	P35346	364
	LPAR1	Q92633	364
	OPN1MW2	P0DN77	364
	OPN1MW3	P0DN78	364
	AGTR2	P50052	363
	HCAR2	Q8TDS4	363
	GPR78	Q96P69	363
	ACKR3	P25106	362
	CCR10	P46092	362
	GPR4	P46093	362
	GPR6	P46095	362
	MTNR1B	P49286	362
	OR5AU1	Q8NGC0	362
	GPR25	O00155	361
	GPR183	P32249	361
	FFAR4	Q5NUL3	361
	GPR52	Q9Y2T5	361
	CXCR2	P25025	360
	CNR2	P34972	360
	GPR15	P49685	360
	CCR4	P51679	360
	OR1L1	Q8NH94	360
	KCNJ13	O60928	360
	HRH2	P25021	359
	AGTR1	P30556	359
	PTGFR	P43088	359
	PTGDR	Q13258	359
	P2RY8	Q86VZ1	359
	OR5T2	Q8NGG2	359
	OR8S1	Q8NH09	359
	GPR20	Q99678	358
	LTB4R2	Q9NPC1	358
	PTGER2	P43116	358
	GPR87	Q9BY21	358
	HTR5A	P47898	357
	GPRC5A	Q8NFJ5	357
	VN1R5	Q7Z5H4	357
	OR2B2	Q9GZK3	357
	GPR32	O75388	356
	CCR1	P32246	355
	CMKLR2	P46091	355
	CX3CR1	P49238	355
	CCR3	P51677	355
	CCR8	P51685	355
	OR1I1	O60431	355
	OPN5	Q6U736	354
	P2RY13	Q9BPV8	354
	S1PR2	O95136	353
	FPR3	P25089	353
	BDKRB1	P46663	353
	MCHR1	Q99705	353
	LPAR3	Q9UBY5	353
	GPR139	Q6DWJ6	353
	VN1R1	Q9GZP7	353
	CCR5	P51681	352
	CXCR4	P61073	352
	LTB4R	Q15722	352
	FPR2	P25090	351
	TAAR2	Q9P1P5	351
	MCU	Q8NE86	351
	FPR1	P21462	350
	C5AR1	P21730	350
	CXCR1	P25024	350
	MTNR1A	P48039	350
	ACKR4	Q9NPB9	350
	OR52I2	Q8NH67	350
	PACC1	Q9H813	350
	GALR1	P47211	349
	GPR21	Q99679	349
	RHO	P08100	348
	TAAR9	Q96RI9	348
	LPAR2	Q9HBW0	348
	OR3A4P	P47883	348
	OR2T4	Q8NH00	348
	OR1L6	Q8NGR2	347
	GPR148	Q8TDV2	347
	OR6J1	Q8NGC5	347
	OR13C3	Q8NGS6	347
	OR2M2	Q96R28	347
	FFAR3	O14843	346
	GPR42	O15529	346
	HCAR1	Q9BXC0	346
	CYSLTR2	Q9NS75	346
	OR8G5	Q8NG78	346
	OR13D1	Q8NGV5	346
	CALHM1	Q8IU99	346
	OPN1SW	P03999	345
	TAAR6	Q96RI8	345
	GPRC5D	Q9NZD1	345
	OR11G2	Q8NGC1	345
	CCRL2	O00421	344
	LPAR6	P43657	344
	OR4A15	Q8NGL6	344
	CALHM3	Q86XJ0	344
	TBXA2R	P21731	343
	OR6K6	Q8NGW6	343
	OR1E3	Q8WZA6	343
	MRGPRF	Q96AM1	343
	TAAR3P	Q9P1P4	343
	CXCR6	O00574	342
	PTAFR	P25105	342
	TAAR8	Q969N4	342
	P2RY12	Q9H244	342
	OR51F2	Q8NH61	342
	MCHR2	Q969V1	340
	OR5T3	Q8NGG3	340
	TAAR1	Q96RJ0	339
	P2RY10	O00398	339
	OR7E24	Q6IFN5	339
	TAS2R39	P59534	338
	P2RY14	Q15391	338
	GPR160	Q9UJ42	338
	TAAR5	O14804	337
	GPR65	Q8IYL9	337
	OXGR1	Q96P68	337
	C5AR2	Q9P296	337
	CYSLTR1	Q9Y271	337
	GPR26	Q8NDV2	337
	RRH	O14718	337
	OR1F12P	Q8NHA8	337
	ACKR1	Q16570	336
	GPR82	Q96P67	336
	KCNK1	O00180	336
	GPR119	Q8TDV5	335
	GPR157	Q5UAW9	335
	OR2AK2	Q8NG84	335
	OR9K2	Q8NGE7	335
	OR52B6	Q8NGF0	335
	OR10R2	Q8NGX6	335
	GPR12	P47775	334
	SUCNR1	Q9BXA5	334
	LRRC26	Q2I0M4	334
	XCR1	P46094	333
	NPBWR2	P48146	333
	GPR174	Q9BXC1	333
	TAS2R38	P59533	333
	GPR33	Q49SQ1	333
	GPR146	Q96CH1	333
	ADORA2B	P29275	332
	MC4R	P32245	332
	OR10G6	Q8NH81	332
	KCNK17	Q96T54	332
	GPR18	Q14330	331
	OR6K3	Q8NGY3	331
	OR10S1	Q8NGN2	331
	OR6B3	Q8NGW1	331
	OR6S1	Q8NH40	331
	FFAR2	O15552	330
	GPR3	P46089	330
	GPBAR1	Q8TDU6	330
	MRGPRX2	Q96LB1	330
	OR11H6	Q8NGC7	330
	OR2D3	Q8NGH3	330
	OR1P1	Q8NH06	330
	KCNK15	Q9H427	330
	OR52L1	Q8NGH7	329
	OR5AL1	P0C617	329
	OR10J3	Q5JRS4	329
	GNRHR	P30968	328
	NPBWR1	P48145	328
	P2RY6	Q15077	328
	OR5D16	Q8NGK9	328
	OR13A1	Q8NGR1	328
	OR2AJ1	Q8NGZ0	328
	OR4A16	Q8NH70	328
	OR6A2	O95222	327
	OR9G4	Q8NGQ1	327
	OR51T1	Q8NGJ9	327
	OR52E5	Q8NH55	327
	CACNG4	Q9UBN1	327
	ADORA1	P30542	326
	OR10X1	Q8NGY0	326
	OR51M1	Q9H341	326
	OR11H12	B2RN74	326
	OR5T1	Q8NG75	326
	OR11H1	Q8NG94	326
	OR4C5	Q8NGB2	326
	OR8A1	Q8NGG7	326
	OR11H2	Q8NH07	326
	MAS1	P04201	325
	MC5R	P33032	325
	OR5H6	Q8NGV6	325
	OR1S1	Q8NH92	325
	OR52E2	Q8NGJ4	325
	OR1S2	Q8NGQ3	325
	OR6Y1	Q8NGX8	325
	OR10AC1	Q8NH08	325
	OR14L1	Q8NHC6	325
	OR8U3	Q8NH85	324
	OR2T2	Q6IF00	324
	OR5AS1	Q8N127	324
	OR7G2	Q8NG99	324
	OR11H4	Q8NGC9	324
	OR51D1	Q8NGF3	324
	OR56B1	Q8NGI3	324
	OR5A2	Q8NGI9	324
	OR52I1	Q8NGK6	324
	OR6K2	Q8NGY2	324
	OR4K15	Q8NH41	324
	OR52N5	Q8NH56	324
	OR1L3	Q8NH93	324
	MC3R	P41968	323
	OR1E2	P47887	323
	TAS2R40	P59535	323
	OR5D3	A0A2R8Y4L6	323
	OR4K5	Q8NGD3	323
	OR51S1	Q8NGJ8	323
	OR6T1	Q8NGN1	323
	OR2T35	Q8NGX2	323
	OR2AE1	Q8NHA4	323
	OR52B2	Q96RD2	323
	CALHM2	Q9HA72	323
	CACNG2	Q9Y698	323
	MRGPRX4	Q96LA9	322
	MRGPRX1	Q96LB2	322
	MRGPRX3	Q96LB0	322
	OR1J1	Q8NGS3	322
	OR11L1	Q8NGX0	322
	OR5P2	Q8WZ92	322
	MRGPRD	Q8TDS7	321
	OR3A3	P47888	321
	OR3A2	P47893	321
	OR52N4	Q8NGI2	321
	OR51V1	Q9H2C8	321
	OR5K3	A6NET4	321
	OR5K4	A6NMS3	321
	OR52N2	Q8NGI0	321
	OR51G1	Q8NGK1	321
	OR52P1	Q8NH57	321
	OR14J1	Q9UGF5	321
	OR5V1	Q9UGF6	321
	OR51E2	Q9H255	320
	OR2AT4	A6NND4	320
	OR7C1	O76099	320
	OR10J1	P30954	320
	OR2C3	Q8N628	320
	OR2W5P	A6NFC9	320
	OR12D1	P0DN82	320
	OR52W1	Q6IF63	320
	OR2T33	Q8NG76	320
	OR2T12	Q8NG77	320
	OR5C1	Q8NGR4	320
	OR13C8	Q8NGS7	320
	OR52N1	Q8NH53	320
	OR2W1	Q9Y3N9	320
	GPR31	O00270	319
	GPR171	O14626	319
	GPR55	Q9Y2T6	319
	OR51F1	A6NGY5	319
	OR7C2	O60412	319
	OR2S2	Q9NQN1	319
	OR8U8	P0C7N1	319
	TAS2R30	P59541	319
	OR7A5	Q15622	319
	OR8K1	Q8NGG5	319
	OR52L2P	Q8NGH6	319
	OR10Q1	Q8NGQ4	319
	OR13F1	Q8NGS4	319
	OR56B4	Q8NH76	319
	ADORA3	P0DMS8	318
	OR13C5	Q8NGS8	318
	OR51E1	Q8TCB6	318
	TAS2R7	Q9NYW3	318
	TAS2R60	P59551	318
	OR2A2	Q6IF42	318
	OR56A1	Q8NGH5	318
	OR4D5	Q8NGN0	318
	OR13C4	Q8NGS5	318
	OR13C2	Q8NGS9	318
	OR13C9	Q8NGT0	318
	OR2T34	Q8NGX1	318
	OR2T3	Q8NH03	318
	OR2W6P	Q8NHA6	318
	OR52D1	Q9H346	318
	OR10H1	Q9Y4A9	318
	MC1R	Q01726	317
	TAS2R14	Q9NYV8	317
	OR2F1	Q13607	317
	OR1B1	Q8NGR6	317
	OR51Q1	Q8NH59	317
	OR10A5	Q9H207	317
	OR2F2	O95006	317
	OR2B11	Q5JQS5	317
	OR10AD1	Q8NGE0	317
	OR52M1	Q8NGK5	317
	OR6Q1	Q8NGQ2	317
	OR6P1	Q8NGX9	317
	OR6N2	Q8NGY6	317
	OR2G2	Q8NGZ5	317
	OR2T27	Q8NH04	317
	OR2H1	Q9GZK4	316
	OR2AG1	Q9H205	316
	OR51J1	Q9H342	316
	TAS2R3	Q9NYW6	316
	OR2AG2	A6NM03	316
	OR10H3	O60404	316
	OR2G6	Q5TZ20	316
	OR4N4	Q8N0Y3	316
	OR10H4	Q8NGA5	316
	OR10A7	Q8NGE5	316
	OR5AP2	Q8NGF4	316
	OR56B2	Q8NGI1	316
	OR4C15	Q8NGM1	316
	OR8J1	Q8NGP2	316
	OR1K1	Q8NGR3	316
	OR1N2	Q8NGR9	316
	OR2K2	Q8NGT1	316
	OR2T11	Q8NH01	316
	OR5K2	Q8NHB8	316
	OR52A5	Q9H2C5	316
	OR12D3	Q9UGF7	316
	OR4N4C	A0A096LPK9	316
	OR4E1	P0C645	315
	OR10A4	Q9H209	315
	OR10H2	O60403	315
	OR4A8	P0C604	315
	OR3A1	P47881	315
	OR5M10	Q6IEU7	315
	OR2T5	Q6IEZ7	315
	OR10H5	Q8NGA6	315
	OR52R1	Q8NGF1	315
	OR8J3	Q8NGG0	315
	OR8J2	Q8NGG1	315
	OR5A1	Q8NGJ0	315
	OR51L1	Q8NGJ5	315
	OR5M1	Q8NGP8	315
	OR2I1	Q8NGU4	315
	OR2T29	Q8NH02	315
	OR56A3	Q8NH54	315
	OR4A5	Q8NH83	315
	OR2V1	Q8NHB1	315
	OR2V2	Q96R30	315
	OR4K3	Q96R72	315
	OR11A1	Q9GZK7	315
	CACNG3	O60359	315
	CALHM6	Q5R3K3	315
	OR1E1	P30953	314
	OR5I1	Q13606	314
	OR1Q1	Q15612	314
	TAS2R42	Q7RTR8	314
	OR2W3	Q7Z3T1	314
	OR11H7	Q8NGC8	314
	OR52B4	Q8NGK2	314
	OR8D4	Q8NGM9	314
	OR10T2	Q8NGX3	314
	OR5B3	Q8NH48	314
	OR1R1	A0A286YEU6	314
	OR6C6	A6NF89	314
	OR5F1	O95221	314
	OR4Q2	P0C623	314
	OR5G3	P0C626	314
	OR10A3	P58181	314
	OR1C1	Q15619	314
	OR2Z1	Q8NG97	314
	OR4K2	Q8NGD2	314
	OR4D9	Q8NGE8	314
	OR9Q2	Q8NGE9	314
	OR5B17	Q8NGF7	314
	OR4D6	Q8NGJ1	314
	OR52H1	Q8NGJ2	314
	OR51G2	Q8NGK0	314
	OR52K2	Q8NGK3	314
	OR52K1	Q8NGK4	314
	OR5D14	Q8NGL3	314
	OR5D13	Q8NGL4	314
	OR9I1	Q8NGQ6	314
	OR9A1P	Q8NGU1	314
	OR9A4	Q8NGU2	314
	OR14K1	Q8NGZ2	314
	OR10A6	Q8NH74	314
	OR5B12	Q96R08	314
	OR14A2	Q96R54	314
	OR51I1	Q9H343	314
	CALHM4	Q5JW98	314
	OR10G3	Q8NGC4	313
	OR1G1	P47890	313
	OR2B6	P58173	313
	OR4M1	Q8NGD0	313
	OR10P1	Q8NGE3	313
	OR1J2	Q8NGS2	313
	OR5H15	A6NDH6	313
	OR5H1	A6NKK0	313
	OR2B3	O76000	313
	OR56A5	P0C7T3	313
	OR52E8	Q6IFG1	313
	OR6V1	Q8N148	313
	OR1M1	Q8NGA1	313
	OR4M2	Q8NGB6	313
	OR4E2	Q8NGC2	313
	OR8B3	Q8NGG8	313
	OR56A4	Q8NGH8	313
	OR51A4	Q8NGJ6	313
	OR51A2	Q8NGJ7	313
	OR5D18	Q8NGL1	313
	OR6M1	Q8NGM8	313
	OR1J4	Q8NGS1	313
	OR10K1	Q8NGX5	313
	OR10Z1	Q8NGY1	313
	OR4Q3	Q8NH05	313
	OR8B2	Q96RD0	313
	OR52E6	Q96RD3	313
	OR4M2B	A0A0X1KG70	313
	LRRC52	Q8N7C0	313
	KCNK6	Q9Y257	313
	OR1F1	O43749	312
	OR1D2	P34982	312
	MRGPRE	Q86SM8	312
	OR7D4	Q8NG98	312
	OR10C1	Q96KK4	312
	OR2T8	A6NH00	312
	OR2J2	O76002	312
	OR2C1	O95371	312
	OR2H2	O95918	312
	OR4L1	Q8NH43	312
	OR7D2	Q96RA2	312
	OR2J1	Q9GZK6	312
	OR51B5	Q9H339	312
	OR51B6	Q9H340	312
	TAS2R9	Q9NYW1	312
	OR52A1	Q9UKL2	312
	OR51B2	Q9Y5P1	312
	OR51C1	A0A3B3IT45	312
	OR2M5	A3KFT3	312
	OR6C74	A6NCV1	312
	OR6C68	A6NDL8	312
	OR6C70	A6NIJ9	312
	OR6C65	A6NJZ3	312
	OR6C75	A6NL08	312
	OR6C76	A6NM76	312
	OR4F21	O95013	312
	OR1D5	P58170	312
	OR2B8	P59922	312
	OR10K2	Q6IF99	312
	OR6B2	Q6IFH4	312
	OR8H3	Q8N146	312
	OR8H2	Q8N162	312
	OR2L13	Q8N349	312
	OR2L5	Q8NG80	312
	OR2M7	Q8NG81	312
	OR2M3	Q8NG83	312
	OR2L3	Q8NG85	312
	OR7G3	Q8NG95	312
	OR4F15	Q8NGB8	312
	OR4F6	Q8NGB9	312
	OR4K17	Q8NGC6	312
	OR52E4	Q8NGH9	312
	OR4P4	Q8NGL7	312
	OR13J1	Q8NGT2	312
	OR6N1	Q8NGY5	312
	OR2L8	Q8NGY9	312
	OR2T10	Q8NGZ9	312
	OR2L2	Q8NH16	312
	OR5J2	Q8NH18	312
	OR8K3	Q8NH51	312
	OR51A7	Q8NH64	312
	OR6X1	Q8NH79	312
	OR10D3	Q8NH80	312
	OR14C36	Q8NHC7	312
	OR1F2P	Q96R84	312
	OR6C1	Q96RD1	312
	OR51I2	Q9H344	312
	OR6C2	Q9NZP2	312
	OR4F3	Q6IEY1	312
	OR8G1	Q15617	311
	OR5AN1	Q8NGI8	311
	OR14I1	A6ND48	311
	OR2J3	O76001	311
	OR6B1	O95007	311
	OR8B8	Q15620	311
	OR7G1	Q8NGA0	311
	OR10G4	Q8NGN3	311
	OR5P3	Q8WZ94	311
	OR2A5	Q96R48	311
	VN1R3	Q9BXE9	311
	OR8D2	Q9GZM6	311
	OR5BS1	A0A2R8YED5	311
	OR10J4	P0C629	311
	OR1D4	P47884	311
	OR4K1	Q8NGD4	311
	OR8H1	Q8NGG4	311
	OR4D11	Q8NGI4	311
	OR4D10	Q8NGI6	311
	OR5L2	Q8NGL0	311
	OR5L1	Q8NGL2	311
	OR10G9	Q8NGN4	311
	OR10G8	Q8NGN5	311
	OR10G7	Q8NGN6	311
	OR5M8	Q8NGP6	311
	OR1L4	Q8NGR5	311
	OR1N1	Q8NGS0	311
	OR2Y1	Q8NGV0	311
	OR52J3	Q8NH60	311
	OR4S2	Q8NH73	311
	OR2M4	Q96R27	311
	OR6C3	Q9NZP0	311
	OR2A4	O95047	310
	OR2A25	A4D2G3	310
	OR5W2	Q8NH69	310
	OR5H14	A6NHG9	310
	OR8G3	P0DMU2	310
	OR4D1	Q15615	310
	OR4C11	Q6IEV9	310
	OR8I2	Q8N0Y5	310
	OR7A2P	Q8NGA2	310
	OR10G2	Q8NGC3	310
	OR4K14	Q8NGD5	310
	OR8B12	Q8NGG6	310
	OR4C16	Q8NGL9	310
	OR5M9	Q8NGP3	310
	OR5AR1	Q8NGP9	310
	OR9Q1	Q8NGQ5	310
	OR9A2	Q8NGT5	310
	OR2A12	Q8NGT7	310
	OR2A7	Q96R45	310
	OR2A14	Q96R47	310
	OR51B4	Q9Y5P0	310
	OR2A1	Q8NGT9	310
	OR10J5	Q8NHC4	309
	GPR35	Q9HC97	309
	TAS2R43	P59537	309
	TAS2R31	P59538	309
	TAS2R46	P59540	309
	TAS2R20	P59543	309
	TAS2R8	Q9NYW2	309
	OR1A2	Q9Y585	309
	OR4C46	A6NHA9	309
	OR5B21	A6NL26	309
	OR7A17	O14581	309
	OR7A10	O76100	309
	OR4A47	Q6IF82	309
	OR4S1	Q8NGB4	309
	OR6C4	Q8NGE1	309
	OR2AP1	Q8NGE2	309
	OR4B1	Q8NGF8	309
	OR10V1	Q8NGI7	309
	OR4C13	Q8NGP0	309
	OR1L8	Q8NGR8	309
	OR5H2	Q8NGV7	309
	OR2G3	Q8NGZ4	309
	OR8U1	Q8NH10	309
	OR4C6	Q8NH72	309
	OR5AK2	Q8NH90	309
	OR14A16	Q8NHC5	309
	OR5B2	Q96R09	309
	OR4C12	Q96R67	309
	OR8B4	Q96RC9	309
	OR5AC2	Q9NZP5	309
	OR1A1	Q9P1Q5	309
	OR8U9	P0C7N5	309
	TAS2R33	P0DSN6	309
	TAS2R36	P0DTE0	309
	CALHM5	Q8N5C1	309
	KCNK16	Q96T55	309
	OR2T6	Q8NHC8	308
	OR8D1	Q8WZ84	308
	OR2D2	Q9H210	308
	OR2T7	P0C7T2	308
	OR5H8	P0DN80	308
	OR9H1	Q6UXT6	308
	OR4N5	Q8IXE1	308
	OR13H1	Q8NG92	308
	OR52E1	Q8NGJ3	308
	OR6F1	Q8NGZ6	308
	OR5K1	Q8NHB7	308
	TAS2R10	Q9NYW0	307
	OR12D2	P58182	307
	OR5AC1	P0C628	307
	OR4D2	P58180	307
	TAS2R41	P59536	307
	OR4N2	Q8NGD1	307
	OR5M3	Q8NGP4	307
	OR13G1	Q8NGZ3	307
	OR8K5	Q8NH50	307
	UCP1	P25874	307
	KCNK7	Q9Y2U2	307
	OR4C45	A6NMZ5	306
	GPR141	Q7Z602	305
	OR9G1	Q8NH87	305
	OR4F17	Q8NGA8	305
	OR10W1	Q8NGF6	305
	OR4X1	Q8NH49	305
	OR4F4	Q96R69	305
	OR5M11	Q96RB7	305
	OR9G9	P0C7N8	305
	OR4F5	Q8NH21	305
	OR52A4P	A6NMU1	304
	OR8G2P	Q6IF36	304
	OR4K13	Q8NH42	304
	TAS2R2	Q50KZ9	303
	OR10A2	Q9H208	303
	TAS2R13	Q9NYV9	303
	OR4X2	Q8NGF9	303
	OR4C3	Q8NH37	302
	OR51H1	Q8NH63	302
	VN1R4	Q7Z5H5	301
	OR10AG1	Q8NH19	301
	ORAI1	Q96D31	301
	FFAR1	O14842	300
	TAS2R19	P59542	299
	TAS2R5	Q9NYW4	299
	TAS2R4	Q9NYW5	299
	TAS2R1	Q9NYW7	299
	TAS2R45	P59539	299
	TAS2R50	P59544	299
	OR4A4P	Q8NGN8	299
	TMEM38A	Q9H6F2	299
	OR52Z1P	P0C646	298
	OR10D4P	Q8NGN7	298
	OR5AK3P	Q8NH89	298
	LRRC55	Q6ZSA7	298
	MC2R	Q01718	297
	ORAI3	Q9BRQ5	295
	LRRC38	Q5VT99	294
	GNRHR2	Q96P88	292
	RGR	P47804	291
	TAS2R16	Q9NYV7	291
	TMEM38B	Q9NVV0	291
	NPY6RP	Q99463	290
	MRGPRG	Q86SM5	289
	KCNMB3	Q9NPA1	279
	OR10J6P	Q8NGY7	276
	CACNG7	P62955	275
	HVCN1	Q96D96	273
	GPR32P1	Q8NGA4	272
	KCNIP2	Q9NS61	270
	CACNG6	Q9BXT2	260
	KCNIP3	Q9Y2W7	256
	ORAI2	Q96SN7	254
	CLIC4	Q9Y696	253
	KCNIP4	Q6PIL6	250
	CLIC2	O15247	247
	TMEM109	Q9BVC6	243
	CLIC1	O00299	241
	TMCO1	Q9UM00	239
	CLIC3	O95833	236
	KCNMB2	Q9Y691	235
	KCNIP1	Q9NZI2	227
	CLDN17	P56750	224
	CACNG1	Q06432	222
	KCNE4	Q8WWG9	221
	SCN3B	Q9NY72	215
	KCNMB4	Q86W47	210
	CLDN4	O14493	209
	VN1R17P	Q8TDU5	208
	KCNMB1	Q16558	191
	TMEM37	Q8WXS4	190
	OR13C6P	Q8NH95	151
	KCNE1	P15382	129
	KCNE2	Q9Y6J6	123
	FXYD6P3	P58550	94
